{
  "precision": {
    "5": 0.05,
    "10": 0.06199999999999999,
    "20": 0.04375
  },
  "recall": {
    "5": 0.25,
    "10": 0.62,
    "20": 0.875
  },
  "ndcg": {
    "5": 0.2423067216957977,
    "10": 0.38658559390711245,
    "20": 0.43846167181216045
  },
  "diversity": {
    "5": 0.8923625324605362,
    "10": 0.868447855347324,
    "20": 0.844086487866041
  },
  "coverage": 0.3440366972477064,
  "successful_users": 200.0
}