{
  "precision": {
    "5": 0.13799999999999998,
    "10": 0.08999999999999997,
    "20": 0.04549999999999999
  },
  "recall": {
    "5": 0.69,
    "10": 0.9,
    "20": 0.91
  },
  "ndcg": {
    "5": 0.34636690241229806,
    "10": 0.3664813575019716,
    "20": 0.3029388873637855
  },
  "diversity": {
    "5": 0.824358380756863,
    "10": 0.798613873783804,
    "20": 0.8404064461930801
  },
  "coverage": 0.1651376146788991,
  "successful_users": 100.0
}