{
  "precision": {
    "5": 0.053000000000000005,
    "10": 0.059,
    "20": 0.043
  },
  "recall": {
    "5": 0.265,
    "10": 0.59,
    "20": 0.86
  },
  "ndcg": {
    "5": 0.254742295594397,
    "10": 0.3808364412933865,
    "20": 0.4405139502569979
  },
  "diversity": {
    "5": 0.8926288027193912,
    "10": 0.8687828332977987,
    "20": 0.8443323932697099
  },
  "coverage": 0.3211009174311927,
  "successful_users": 200.0
}