{
  "precision": {
    "5": 0.054000000000000006,
    "10": 0.06499999999999999,
    "20": 0.043999999999999984
  },
  "recall": {
    "5": 0.27,
    "10": 0.65,
    "20": 0.88
  },
  "ndcg": {
    "5": 0.2546134433915955,
    "10": 0.40142881429069127,
    "20": 0.44346167181216045
  },
  "diversity": {
    "5": 0.8939390533495558,
    "10": 0.8695098170656794,
    "20": 0.8442831023552076
  },
  "coverage": 0.1926605504587156,
  "successful_users": 100.0
}