{
  "precision": {
    "5": 0.054000000000000006,
    "10": 0.061,
    "20": 0.044
  },
  "recall": {
    "5": 0.2675,
    "10": 0.6,
    "20": 0.865
  },
  "ndcg": {
    "5": 0.25930139685692316,
    "10": 0.38928088480847706,
    "20": 0.44444141829422706
  },
  "diversity": {
    "5": 0.8936803121291313,
    "10": 0.869987740116987,
    "20": 0.8443840511848196
  },
  "coverage": 0.14220183486238533,
  "successful_users": 200.0
}