{
  "precision": {
    "5": 0.054000000000000006,
    "10": 0.076,
    "20": 0.044999999999999984
  },
  "recall": {
    "5": 0.27,
    "10": 0.76,
    "20": 0.9
  },
  "ndcg": {
    "5": 0.16590773204594375,
    "10": 0.32425822171184004,
    "20": 0.3572782372822791
  },
  "diversity": {
    "5": 0.9375845017950277,
    "10": 0.857333253751161,
    "20": 0.8449261165228736
  },
  "coverage": 0.14678899082568808,
  "successful_users": 100.0
}