{
  "precision": {
    "5": 0.033,
    "10": 0.05799999999999999,
    "20": 0.042749999999999996
  },
  "recall": {
    "5": 0.165,
    "10": 0.5775,
    "20": 0.85
  },
  "ndcg": {
    "5": 0.16243557389859922,
    "10": 0.32581159554579225,
    "20": 0.3796101932751706
  },
  "diversity": {
    "5": 0.892815765714185,
    "10": 0.8694600912307676,
    "20": 0.8443093571711419
  },
  "coverage": 0.23394495412844038,
  "successful_users": 200.0
}