{
  "precision": {
    "5": 0.06052631578947369,
    "10": 0.03552631578947369,
    "20": 0.017763157894736845
  },
  "recall": {
    "5": 0.29605263157894735,
    "10": 0.34868421052631576,
    "20": 0.34868421052631576
  },
  "ndcg": {
    "5": 0.14886672728047676,
    "10": 0.1410496925605122,
    "20": 0.1138878982921496
  },
  "diversity": {
    "5": 0.7828673072167602,
    "10": 0.8207320248159694,
    "20": 0.8564904001917777
  },
  "coverage": 0.1834862385321101,
  "successful_users": 76.0
}