{
  "precision": {
    "5": 0.008,
    "10": 0.006999999999999999,
    "20": 0.0045000000000000005
  },
  "recall": {
    "5": 0.04,
    "10": 0.07,
    "20": 0.09
  },
  "ndcg": {
    "5": 0.020355651216119982,
    "10": 0.029589932769272007,
    "20": 0.034614552785325256
  },
  "diversity": {
    "5": 0.8664830408483656,
    "10": 0.8040258021405688,
    "20": 0.8146520921065936
  },
  "coverage": 0.0044834307992202725,
  "successful_users": 100.0
}