{
  "precision": {
    "5": 0.026000000000000002,
    "10": 0.06699999999999999,
    "20": 0.041999999999999996
  },
  "recall": {
    "5": 0.13,
    "10": 0.67,
    "20": 0.84
  },
  "ndcg": {
    "5": 0.07757756654593967,
    "10": 0.252661808437589,
    "20": 0.2921143661556495
  },
  "diversity": {
    "5": 0.937885253674727,
    "10": 0.8569828853968408,
    "20": 0.8604703287898126
  },
  "coverage": 0.09174311926605505,
  "successful_users": 100.0
}