{
  "precision": {
    "5": 0.042,
    "10": 0.06,
    "20": 0.043999999999999984
  },
  "recall": {
    "5": 0.21,
    "10": 0.6,
    "20": 0.88
  },
  "ndcg": {
    "5": 0.19974229559439696,
    "10": 0.35142881429069134,
    "20": 0.4093571149224854
  },
  "diversity": {
    "5": 0.8922411101825359,
    "10": 0.869475852858433,
    "20": 0.8442768517994856
  },
  "coverage": 0.21559633027522937,
  "successful_users": 100.0
}