{
  "precision": {
    "5": 0.1095890410958904,
    "10": 0.07945205479452053,
    "20": 0.042465753424657526
  },
  "recall": {
    "5": 0.541095890410959,
    "10": 0.7876712328767124,
    "20": 0.8424657534246576
  },
  "ndcg": {
    "5": 0.2727300912545112,
    "10": 0.3191384025364862,
    "20": 0.27671935224355027
  },
  "diversity": {
    "5": 0.8249093998775919,
    "10": 0.799387491458301,
    "20": 0.8410727356205645
  },
  "coverage": 0.12844036697247707,
  "successful_users": 73.0
}